City_ID,City,Country,Date,Lat,Lng,Max Temp,Humidity,Cloudiness,Wind Speed
0,Nerchinskiy Zavod,RU,2021-06-10 05:12:58,51.3088,119.61,62.6,64,75,4.14
1,Kadoshkino,RU,2021-06-10 05:12:58,54.0257,44.4191,61.61,90,95,9.98
2,Mar Del Plata,AR,2021-06-10 05:12:59,-38.0023,-57.5575,61.09,45,90,1.01
3,Tessalit,ML,2021-06-10 05:12:59,20.1986,1.0114,90.37,12,2,11.9
4,Bayevo,RU,2021-06-10 05:12:59,53.2833,80.7667,60.35,41,49,12.1
5,Zhezkazgan,KZ,2021-06-10 05:13:00,47.8043,67.7144,74.91,37,96,4.43
6,Carnarvon,AU,2021-06-10 05:13:00,-24.8667,113.6333,71.67,1,75,9.22
7,Hermanus,ZA,2021-06-10 05:13:01,-34.4187,19.2345,56.89,77,0,3.2
8,Kodiak,US,2021-06-10 05:08:56,57.79,-152.4072,47.71,87,90,20.71
9,Thompson,CA,2021-06-10 05:13:02,55.7435,-97.8558,54.95,76,77,6.93
10,Rikitea,PF,2021-06-10 05:13:02,-23.1203,-134.9692,72.36,67,100,9.86
11,Bathsheba,BB,2021-06-10 05:13:03,13.2167,-59.5167,81.21,69,40,18.7
12,Rosetta,EG,2021-06-10 05:13:03,31.4044,30.4164,72.91,71,1,8.21
13,Fuyu,CN,2021-06-10 05:13:03,45.1833,124.8167,69.19,72,100,13.85
14,Bluff,NZ,2021-06-10 05:13:04,-46.6,168.3333,49.8,71,82,1.45
15,Mataura,NZ,2021-06-10 05:13:04,-46.1927,168.8643,49.48,95,100,0.56
16,Busselton,AU,2021-06-10 05:13:05,-33.65,115.3333,65.08,85,95,18.3
17,Hobart,AU,2021-06-10 05:08:47,-42.8794,147.3294,54.01,92,75,1.99
18,Coihaique,CL,2021-06-10 05:13:06,-45.5752,-72.0662,33.75,100,75,2.3
19,Georgetown,MY,2021-06-10 05:13:06,5.4112,100.3354,76.93,94,40,1.54
20,Longyearbyen,SJ,2021-06-10 05:13:07,78.2186,15.6401,35.44,80,40,12.66
21,Upington,ZA,2021-06-10 05:13:07,-28.4478,21.2561,51.82,75,0,11.03
22,Ponta Do Sol,PT,2021-06-10 05:13:07,32.6667,-17.1,74.03,33,13,3.58
23,Cidreira,BR,2021-06-10 05:13:08,-30.1811,-50.2056,62.6,95,44,13.94
24,Sept-Iles,CA,2021-06-10 05:13:08,50.2001,-66.3821,45.05,63,75,5.99
25,Kaitangata,NZ,2021-06-10 05:13:09,-46.2817,169.8464,49.93,80,99,2.44
26,Green Valley,US,2021-06-10 05:09:51,31.8543,-110.9937,86.02,8,36,7.76
27,New Norfolk,AU,2021-06-10 05:13:10,-42.7826,147.0587,53.65,83,100,5.99
28,Ushuaia,AR,2021-06-10 05:10:27,-54.8,-68.3,40.66,81,40,21.85
29,Chambersburg,US,2021-06-10 05:13:10,39.9376,-77.6611,73.51,92,98,3.06
30,Sabalgarh,IN,2021-06-10 05:13:11,26.25,77.4,107.42,19,13,17.65
31,Port Alfred,ZA,2021-06-10 05:13:11,-33.5906,26.891,61.9,49,0,8.32
32,Russkiy Aktash,RU,2021-06-10 05:13:12,55.0384,52.1214,63.75,73,86,12.01
33,Jamestown,US,2021-06-10 05:13:12,42.097,-79.2353,67.33,97,20,1.99
34,Kamra,PK,2021-06-10 05:13:13,33.7473,73.5111,94.95,20,0,4.81
35,Punta Arenas,CL,2021-06-10 05:13:13,-53.15,-70.9167,41.11,75,20,18.01
36,Iqaluit,CA,2021-06-10 05:13:14,63.7506,-68.5145,32.7,82,3,18.01
37,Wajir,KE,2021-06-10 05:13:14,1.7471,40.0573,75.72,71,79,14.52
38,Yagodnoye,RU,2021-06-10 05:13:14,62.55,149.6667,48.31,48,96,14.25
39,Bethel,US,2021-06-10 05:13:15,41.3712,-73.414,76.03,85,75,3.44
40,Cuenca,EC,2021-06-10 05:13:15,-2.8833,-78.9833,51.55,94,93,0.89
41,Shimoda,JP,2021-06-10 05:13:16,34.6667,138.95,79.11,71,0,8.7
42,Toora-Khem,RU,2021-06-10 05:13:16,52.4675,96.11,63.1,55,100,8.86
43,Faanui,PF,2021-06-10 05:13:17,-16.4833,-151.75,81.07,78,69,11.65
44,Narsaq,GL,2021-06-10 05:13:17,60.9167,-46.05,39.42,90,83,4.92
45,Cape Town,ZA,2021-06-10 05:13:18,-33.9258,18.4232,57.11,100,0,5.39
46,Port Keats,AU,2021-06-10 05:13:18,-14.25,129.55,85.12,24,98,9.19
47,Bambous Virieux,MU,2021-06-10 05:13:19,-20.3428,57.7575,73.22,74,51,19.17
48,Atuona,PF,2021-06-10 05:13:19,-9.8,-139.0333,79.66,78,3,15.9
49,Ribeira Grande,PT,2021-06-10 05:13:19,38.5167,-28.7,66.18,94,59,8.52
50,Sabha,LY,2021-06-10 05:13:20,27.0377,14.4283,75.4,27,34,21.94
51,Port Lincoln,AU,2021-06-10 05:13:20,-34.7333,135.8667,56.88,63,99,13.73
52,Khatanga,RU,2021-06-10 05:13:21,71.9667,102.5,55.98,36,96,11.36
53,Barrow,US,2021-06-10 05:13:21,71.2906,-156.7887,30.22,93,90,13.8
54,Bonthe,SL,2021-06-10 05:13:22,7.5264,-12.505,75.96,95,100,4.79
55,Hilo,US,2021-06-10 05:11:00,19.7297,-155.09,75.27,84,75,3.44
56,Tasiilaq,GL,2021-06-10 05:13:22,65.6145,-37.6368,37.56,81,100,9.31
57,Minab,IR,2021-06-10 05:13:23,27.1467,57.0801,92.7,43,3,6.51
58,Codrington,AU,2021-06-10 05:13:23,-38.2667,141.9667,58.33,77,47,18.88
59,Luganville,VU,2021-06-10 05:13:24,-15.5333,167.1667,79.07,72,75,9.4
60,Rock Sound,BS,2021-06-10 05:13:24,24.9,-76.2,78.89,77,41,14.52
61,Amberley,US,2021-06-10 05:13:25,39.2048,-84.428,72.05,93,90,1.01
62,Liuhe,CN,2021-06-10 05:13:25,42.2401,125.7172,63.55,98,100,4.92
63,Castro,BR,2021-06-10 05:13:26,-24.7911,-50.0119,54.46,99,90,3.18
64,Norman Wells,CA,2021-06-10 05:13:26,65.282,-126.8329,66.99,42,7,9.26
65,Esperance,AU,2021-06-10 05:13:27,-33.8667,121.9,69.17,56,45,21.9
66,Mae Hong Son,TH,2021-06-10 05:12:07,19.3003,97.9685,82.49,85,100,3.36
67,Vaini,TO,2021-06-10 05:13:27,-21.2,-175.2,71.76,78,20,10.36
68,Clyde River,CA,2021-06-10 05:13:28,70.4692,-68.5914,33.76,71,4,12.35
69,Dzilam Gonzalez,MX,2021-06-10 05:13:28,21.2833,-88.9333,75.99,84,97,4.97
70,Makat,KZ,2021-06-10 05:13:29,47.6469,53.3463,79.43,38,40,4.92
71,Bengkulu,ID,2021-06-10 05:13:29,-3.8004,102.2655,83.16,68,12,5.95
72,Puerto Ayora,EC,2021-06-10 05:13:30,-0.7393,-90.3518,72.55,90,10,5.01
73,Kapaa,US,2021-06-10 05:13:30,22.0752,-159.319,82.38,79,75,3.0
74,La Rioja,ES,2021-06-10 05:13:31,42.25,-2.5,52.05,90,1,3.56
75,Albany,US,2021-06-10 05:10:48,42.6001,-73.9662,68.61,91,74,4.61
76,Zeya,RU,2021-06-10 05:13:31,53.75,127.2667,70.21,66,99,4.14
77,Victoria,HK,2021-06-10 05:13:32,22.2855,114.1577,89.65,74,65,5.01
78,Gua Musang,MY,2021-06-10 05:13:32,4.8823,101.9644,91.22,50,97,2.44
79,Santo Antonio Do Leverger,BR,2021-06-10 05:13:33,-15.8656,-56.0767,75.58,48,9,3.24
80,Arraial Do Cabo,BR,2021-06-10 05:13:33,-22.9661,-42.0278,71.73,84,18,16.28
81,Zunyi,CN,2021-06-10 05:13:33,27.6867,106.9072,65.86,90,100,3.22
82,Karuzi,BI,2021-06-10 05:13:34,-3.125,30.1333,62.89,74,97,1.23
83,Petropavlovka,RU,2021-06-10 05:13:34,50.6114,105.3196,73.62,44,99,5.7
84,Tamandare,BR,2021-06-10 05:13:35,-8.7597,-35.1047,74.5,88,45,6.69
85,Aswan,EG,2021-06-10 05:13:35,24.0934,32.907,90.03,16,0,12.37
86,Qaanaaq,GL,2021-06-10 05:13:36,77.484,-69.3632,34.93,59,0,6.49
87,Yellowknife,CA,2021-06-10 05:12:01,62.456,-114.3525,53.98,57,14,8.34
88,Yar-Sale,RU,2021-06-10 05:13:37,66.8333,70.8333,48.38,50,99,11.56
89,Avarua,CK,2021-06-10 05:13:37,-21.2078,-159.775,75.25,73,100,5.75
90,Port Elizabeth,ZA,2021-06-10 05:09:21,-33.918,25.5701,50.29,87,0,3.44
91,Hamada,JP,2021-06-10 05:13:38,34.8833,132.0833,80.04,55,99,2.46
92,East London,ZA,2021-06-10 05:13:38,-33.0153,27.9116,61.27,49,1,5.95
93,Doha,QA,2021-06-10 05:13:39,25.2867,51.5333,95.31,25,0,20.94
94,Matara,LK,2021-06-10 05:13:39,5.9485,80.5353,85.01,72,28,13.13
95,Itarema,BR,2021-06-10 05:13:40,-2.9248,-39.9167,76.86,88,67,11.05
96,San Quintin,MX,2021-06-10 05:13:40,30.4833,-115.95,61.68,80,96,18.1
97,Ust-Nera,RU,2021-06-10 05:13:41,64.5667,143.2,50.13,54,100,7.27
98,Peniche,PT,2021-06-10 05:13:41,39.3558,-9.3811,63.73,92,1,12.77
99,Dikson,RU,2021-06-10 05:13:42,73.5069,80.5464,30.34,85,100,8.32
100,Jiblah,YE,2021-06-10 05:13:42,13.9216,44.1467,75.76,27,2,1.79
101,Zhigansk,RU,2021-06-10 05:13:43,66.7697,123.3711,54.95,33,44,3.02
102,Ancud,CL,2021-06-10 05:13:43,-41.8697,-73.8203,42.42,77,48,10.92
103,Hambantota,LK,2021-06-10 05:13:44,6.1241,81.1185,86.5,67,38,19.75
104,Edd,ER,2021-06-10 05:13:44,13.9297,41.6925,89.42,63,2,6.04
105,Vila Franca Do Campo,PT,2021-06-10 05:13:45,37.7167,-25.4333,66.61,93,35,5.5
106,Mount Isa,AU,2021-06-10 05:13:45,-20.7333,139.5,65.97,19,29,5.75
107,Odzak,BA,2021-06-10 05:13:45,45.0111,18.3267,67.78,89,22,4.97
108,Saint George,US,2021-06-10 05:11:01,37.1041,-113.5841,82.99,16,1,11.5
109,Guiren,CN,2021-06-10 05:13:46,33.6697,118.1889,85.64,51,100,9.1
110,Aranos,NA,2021-06-10 05:13:46,-24.1333,19.1167,50.83,44,0,8.81
111,Bredasdorp,ZA,2021-06-10 05:13:47,-34.5322,20.0403,55.51,87,0,3.31
112,Vanderhoof,CA,2021-06-10 05:13:47,54.0166,-124.0198,45.12,94,37,5.01
113,Chirnogeni,RO,2021-06-10 05:13:48,43.9,28.2333,67.78,74,6,10.94
114,Pisco,PE,2021-06-10 05:13:48,-13.7,-76.2167,62.02,82,0,5.75
115,Cap-Aux-Meules,CA,2021-06-10 05:13:49,47.3821,-61.8597,49.59,71,59,2.66
116,Alofi,NU,2021-06-10 05:13:49,-19.0595,-169.9187,75.56,65,0,14.88
117,Groningen,NL,2021-06-10 05:08:54,53.25,6.75,60.84,95,12,5.1
118,Le Mars,US,2021-06-10 05:13:50,42.7942,-96.1656,78.64,57,1,5.75
119,Frontera,MX,2021-06-10 05:13:50,26.9333,-101.45,90.32,47,1,1.32
120,Murgab,TM,2021-06-10 05:13:51,37.4966,61.9714,95.29,12,0,11.23
121,Gimli,CA,2021-06-10 05:13:51,50.6336,-96.9907,65.05,98,96,10.85
122,Batemans Bay,AU,2021-06-10 05:13:52,-35.7167,150.1833,53.2,84,97,2.26
123,Avera,US,2021-06-10 05:13:52,33.194,-82.5271,78.71,64,99,5.55
124,Chuy,UY,2021-06-10 05:13:53,-33.6971,-53.4616,60.8,95,100,8.84
125,Socastee,US,2021-06-10 05:13:53,33.6835,-78.9984,76.96,93,1,4.61
126,Nikolskoye,RU,2021-06-10 05:13:54,59.7035,30.7861,65.01,60,76,3.76
127,Umm Lajj,SA,2021-06-10 05:13:54,25.0213,37.2685,88.39,41,0,9.8
128,College,US,2021-06-10 05:13:55,64.8569,-147.8028,64.58,47,75,5.75
129,Hofn,IS,2021-06-10 05:13:55,64.2539,-15.2082,44.94,93,100,8.52
130,Cherskiy,RU,2021-06-10 05:13:56,68.75,161.3,45.0,61,100,14.5
131,Abu Kamal,SY,2021-06-10 05:13:56,34.4506,40.9171,83.16,25,0,11.74
132,Torbay,CA,2021-06-10 05:13:57,47.6666,-52.7314,43.29,88,100,1.01
133,La Ronge,CA,2021-06-10 05:13:57,55.1001,-105.2842,52.09,76,78,4.68
134,Kargasok,RU,2021-06-10 05:13:58,59.0556,80.8572,50.99,53,51,6.33
135,Coahuayana,MX,2021-06-10 05:13:58,18.7333,-103.6833,79.57,81,34,0.89
136,Yamada,JP,2021-06-10 05:13:59,39.4667,141.95,74.26,62,4,5.91
137,Lufilufi,WS,2021-06-10 05:14:00,-13.8745,-171.5986,85.78,74,33,6.17
138,Tuktoyaktuk,CA,2021-06-10 05:14:00,69.4541,-133.0374,51.44,59,97,10.92
139,Comodoro Rivadavia,AR,2021-06-10 05:14:01,-45.8667,-67.5,44.46,61,0,16.11
140,Adrar,MR,2021-06-10 05:14:01,20.5022,-10.0711,88.9,16,2,4.0
141,Waipawa,NZ,2021-06-10 05:14:01,-41.4122,175.5153,57.83,88,88,5.26
142,Laguna,US,2021-06-10 05:14:02,38.421,-121.4238,60.4,63,1,5.99
143,Canandaigua,US,2021-06-10 05:14:02,42.8742,-77.288,66.34,91,94,2.62
144,Haines Junction,CA,2021-06-10 05:14:03,60.7522,-137.5108,53.89,42,5,5.64
145,Talnakh,RU,2021-06-10 05:14:03,69.4865,88.3972,34.32,100,100,3.65
146,Cairns,AU,2021-06-10 05:14:04,-16.9167,145.7667,81.07,50,1,8.05
147,Verkhoyansk,RU,2021-06-10 05:14:04,67.5447,133.385,43.09,89,100,2.44
148,Sao Joao Da Barra,BR,2021-06-10 05:14:05,-21.6403,-41.0511,70.07,86,3,3.89
149,Rawson,AR,2021-06-10 05:14:05,-43.3002,-65.1023,49.03,57,89,19.95
150,Karratha,AU,2021-06-10 05:14:06,-20.7377,116.8463,79.09,48,100,12.71
151,Sangar,RU,2021-06-10 05:14:06,63.9242,127.4739,60.48,34,2,3.85
152,Wladyslawowo,PL,2021-06-10 05:14:07,54.7909,18.4009,62.15,80,1,11.83
153,Mahebourg,MU,2021-06-10 05:14:07,-20.4081,57.7,73.26,74,46,18.95
154,Jieshi,CN,2021-06-10 05:14:07,22.8134,115.8257,84.58,73,79,15.82
155,Cabedelo,BR,2021-06-10 05:14:08,-6.9811,-34.8339,72.27,85,63,10.76
156,Port-Gentil,GA,2021-06-10 05:14:08,-0.7193,8.7815,77.99,84,100,11.32
157,Sfantu Gheorghe,RO,2021-06-10 05:14:09,45.8667,25.7833,58.26,89,61,0.13
158,Mazagao,BR,2021-06-10 05:14:09,-0.115,-51.2894,75.25,97,100,2.21
159,Puerto Varas,CL,2021-06-10 05:14:10,-41.3195,-72.9854,41.22,100,90,4.7
160,Souillac,MU,2021-06-10 05:14:10,-20.5167,57.5167,73.36,77,39,18.57
161,Guerrero Negro,MX,2021-06-10 05:14:11,27.9769,-114.0611,62.55,81,48,17.52
162,Katsuura,JP,2021-06-10 05:14:11,35.1333,140.3,89.24,67,1,9.28
163,Bathurst,AU,2021-06-10 05:13:50,-33.4166,149.5806,39.83,93,100,10.51
164,Nome,US,2021-06-10 05:14:12,64.5011,-165.4064,42.17,93,75,9.22
165,Lebu,CL,2021-06-10 05:14:13,-37.6167,-73.65,51.01,86,99,3.49
166,Moerai,PF,2021-06-10 05:14:13,-22.4333,-151.3333,76.37,73,100,20.4
167,San Cristobal,VE,2021-06-10 05:14:13,7.7669,-72.225,64.4,84,91,1.77
168,Komsomolskiy,UZ,2021-06-10 05:14:14,40.4272,71.7189,83.62,53,44,6.91
169,Dingle,PH,2021-06-10 05:14:14,10.9995,122.6711,83.21,74,100,3.44
170,Tarn Taran,IN,2021-06-10 05:14:15,31.45,74.9253,100.42,19,9,8.23
171,Hithadhoo,MV,2021-06-10 05:14:15,-0.6,73.0833,83.23,69,25,6.24
172,Tazovskiy,RU,2021-06-10 05:14:15,67.4667,78.7,39.09,73,88,13.31
173,Nuuk,GL,2021-06-10 05:14:16,64.1835,-51.7216,36.21,93,90,6.91
174,Lavrentiya,RU,2021-06-10 05:14:16,65.5833,-171.0,35.51,93,100,0.83
175,Sibolga,ID,2021-06-10 05:14:17,1.7427,98.7792,86.22,59,84,4.9
176,Pacific Grove,US,2021-06-10 05:14:17,36.6177,-121.9166,57.31,85,1,1.01
177,Kununurra,AU,2021-06-10 05:14:18,-15.7667,128.7333,80.58,21,70,8.05
178,Lichinga,MZ,2021-06-10 05:14:18,-13.3128,35.2406,51.89,100,75,8.05
179,Nanortalik,GL,2021-06-10 05:14:19,60.1432,-45.2371,35.76,92,82,2.84
180,Nelson Bay,AU,2021-06-10 05:14:19,-32.7167,152.15,52.11,77,100,1.01
181,Saskylakh,RU,2021-06-10 05:14:20,71.9167,114.0833,54.57,30,94,14.94
182,Port Augusta,AU,2021-06-10 05:14:20,-32.5,137.7667,57.34,55,4,19.64
183,Saldanha,ZA,2021-06-10 05:14:21,-33.0117,17.9442,59.16,79,0,9.26
184,Kathmandu,NP,2021-06-10 05:09:25,27.7167,85.3167,80.82,65,40,2.3
185,Walvis Bay,NA,2021-06-10 05:14:21,-22.9575,14.5053,54.09,80,0,1.66
186,Manzhouli,CN,2021-06-10 05:14:22,49.6,117.4333,65.57,45,72,14.67
187,Kollam,IN,2021-06-10 05:14:22,8.8833,76.6,87.67,73,99,8.55
188,Auki,SB,2021-06-10 05:14:23,-8.7676,160.7034,84.09,67,58,2.89
189,Butaritari,KI,2021-06-10 05:14:23,3.0707,172.7902,83.93,72,85,13.31
190,Sausar,IN,2021-06-10 05:14:23,21.65,78.7833,79.95,52,64,15.7
191,Grand Gaube,MU,2021-06-10 05:14:24,-20.0064,57.6608,73.38,73,33,10.0
192,Serebriya,UA,2021-06-10 05:14:25,48.4559,27.7192,61.75,86,10,11.36
193,Kisangani,CD,2021-06-10 05:14:25,0.5167,25.2,72.3,87,90,1.63
194,San Patricio,US,2021-06-10 05:14:25,28.017,-97.5169,82.29,93,6,8.97
195,Sao Geraldo Do Araguaia,BR,2021-06-10 05:14:26,-6.4006,-48.555,70.74,77,38,1.9
196,Ketchikan,US,2021-06-10 05:14:26,55.3422,-131.6461,52.27,82,90,10.36
197,Ambatondrazaka,MG,2021-06-10 05:14:27,-17.8333,48.4167,59.86,79,8,6.76
198,Vila Velha,BR,2021-06-10 05:14:27,-20.3297,-40.2925,69.94,94,40,1.01
199,Atambua,ID,2021-06-10 05:14:28,-9.1061,124.8925,79.9,65,78,1.43
200,Guarapuava,BR,2021-06-10 05:14:28,-25.3953,-51.4581,54.43,99,98,4.56
201,Cusuna,HN,2021-06-10 05:14:29,15.85,-85.2333,75.81,88,89,6.67
202,Waddan,LY,2021-06-10 05:14:29,29.1614,16.139,73.51,43,95,8.21
203,Booue,GA,2021-06-10 05:14:29,-0.0921,11.9385,72.95,97,80,0.83
204,Byron Bay,AU,2021-06-10 05:14:30,-28.65,153.6167,64.06,36,27,12.17
205,Alyangula,AU,2021-06-10 05:14:30,-13.8483,136.4192,73.72,54,100,14.85
206,Saumur,FR,2021-06-10 05:14:31,47.3333,-0.25,59.9,89,28,7.07
207,Jizan,SA,2021-06-10 05:14:31,17.3333,42.6667,88.81,66,34,2.39
208,Salalah,OM,2021-06-10 05:14:32,17.0151,54.0924,87.89,70,75,5.75
209,Lompoc,US,2021-06-10 05:13:45,34.6391,-120.4579,55.71,82,20,5.75
210,Luderitz,NA,2021-06-10 05:14:32,-26.6481,15.1594,56.91,73,0,5.37
211,Leningradskiy,RU,2021-06-10 05:14:33,69.3833,178.4167,36.18,78,89,5.1
212,Winona,US,2021-06-10 05:14:33,43.9666,-91.7668,80.15,83,1,5.01
213,Chitral,PK,2021-06-10 05:14:34,35.8462,71.7858,86.32,16,0,2.28
214,Tabou,CI,2021-06-10 05:14:34,4.423,-7.3528,77.49,85,100,4.03
215,Kapuskasing,CA,2021-06-10 05:14:34,49.4169,-82.4331,55.4,51,77,8.86
216,Paamiut,GL,2021-06-10 05:14:35,61.994,-49.6678,36.28,96,100,9.73
217,Isangel,VU,2021-06-10 05:14:35,-19.55,169.2667,77.11,65,40,7.34
218,Amuntai,ID,2021-06-10 05:14:36,-2.4177,115.2494,93.74,45,68,1.16
219,Mingyue,CN,2021-06-10 05:14:36,43.1069,128.9217,75.87,61,100,7.72
220,Takoradi,GH,2021-06-10 05:14:36,4.8845,-1.7554,78.55,85,100,4.07
221,Ilulissat,GL,2021-06-10 05:14:37,69.2167,-51.1,37.42,87,90,6.91
222,Gushikawa,JP,2021-06-10 05:14:37,26.3544,127.8686,85.59,73,40,11.97
223,High Level,CA,2021-06-10 05:14:38,58.5169,-117.136,52.45,81,58,5.97
224,Flinders,AU,2021-06-10 05:14:38,-34.5833,150.8552,50.2,84,100,1.99
225,Blumberg,DE,2021-06-10 05:14:39,47.8406,8.5333,56.89,94,66,0.56
226,Richmond,US,2021-06-10 05:12:07,37.5538,-77.4603,73.38,96,90,3.4
227,Mounana,GA,2021-06-10 05:14:39,-1.4085,13.1586,70.54,93,85,1.59
228,Aktash,RU,2021-06-10 05:14:40,50.3,87.7333,50.88,57,80,3.47
229,Ashtabula,US,2021-06-10 05:14:41,41.7001,-80.7665,69.76,96,75,2.13
230,Yulara,AU,2021-06-10 05:14:41,-25.2406,130.9889,62.44,27,94,6.91
231,Rafaela,AR,2021-06-10 05:14:41,-31.2503,-61.4867,60.98,84,100,6.53
232,Chokurdakh,RU,2021-06-10 05:14:42,70.6333,147.9167,53.24,34,32,19.33
233,Henties Bay,NA,2021-06-10 05:14:42,-22.116,14.2845,53.85,86,0,4.81
234,Vysotskoye,RU,2021-06-10 05:14:43,45.025,42.9064,63.77,83,96,4.76
235,Digri,PK,2021-06-10 05:14:43,25.1558,69.1113,95.56,44,1,22.3
236,Provideniya,RU,2021-06-10 05:14:43,64.3833,-173.3,37.51,81,90,8.95
237,Santa Cruz,BO,2021-06-10 05:13:07,-17.8,-63.1667,69.26,94,90,6.51
238,Daru,PG,2021-06-10 05:14:44,-9.0763,143.2092,80.49,82,80,8.68
239,Abonnema,NG,2021-06-10 05:14:45,4.7084,6.7931,73.2,94,98,3.89
240,Pontianak,ID,2021-06-10 05:14:45,-0.0333,109.3333,80.58,83,20,2.93
241,Kavieng,PG,2021-06-10 05:14:46,-2.5744,150.7967,84.76,73,55,14.0
242,West Bay,KY,2021-06-10 05:14:46,19.3667,-81.4167,81.0,85,97,1.99
243,Upernavik,GL,2021-06-10 05:14:47,72.7868,-56.1549,33.76,91,99,7.14
244,Puerto Del Rosario,ES,2021-06-10 05:14:47,28.5004,-13.8627,80.35,29,65,12.66
245,Shetpe,KZ,2021-06-10 05:14:48,44.1667,52.1167,75.09,37,72,13.31
246,Hualmay,PE,2021-06-10 05:14:48,-11.0964,-77.6139,63.37,87,74,10.6
247,Ambunti,PG,2021-06-10 05:14:49,-4.2365,142.8448,77.07,97,95,2.3
248,Mount Gambier,AU,2021-06-10 05:14:49,-37.8333,140.7667,57.99,74,85,12.77
249,Ranong,TH,2021-06-10 05:14:50,9.9658,98.6348,84.13,86,100,5.68
250,Guiratinga,BR,2021-06-10 05:14:50,-16.3494,-53.7583,70.09,51,4,2.86
251,Freeport,US,2021-06-10 05:12:49,40.6576,-73.5832,78.3,85,98,1.01
252,Klaksvik,FO,2021-06-10 05:14:51,62.2266,-6.589,49.12,95,100,24.47
253,Lasa,IT,2021-06-10 05:14:51,46.6166,10.7002,57.02,94,68,4.36
254,Cabo San Lucas,MX,2021-06-10 05:10:21,22.8909,-109.9124,86.4,59,1,10.02
255,Mahibadhoo,MV,2021-06-10 05:14:52,3.7833,72.9667,83.32,72,19,13.24
256,Irinjalakuda,IN,2021-06-10 05:14:52,10.3333,76.2333,84.09,73,99,4.34
257,Talcahuano,CL,2021-06-10 05:14:53,-36.7167,-73.1167,49.68,100,75,2.3
258,San Carlos Del Zulia,VE,2021-06-10 05:14:53,9.0,-71.9135,73.89,93,100,3.24
259,Tuatapere,NZ,2021-06-10 05:14:54,-46.1333,167.6833,49.82,86,94,1.16
260,Teguise,ES,2021-06-10 05:14:54,29.0605,-13.564,66.42,68,48,13.71
261,Moa,CU,2021-06-10 05:14:55,20.6569,-74.9403,77.41,85,90,10.96
262,Piacabucu,BR,2021-06-10 05:14:55,-10.4056,-36.4344,74.66,86,83,7.38
263,Caravelas,BR,2021-06-10 05:14:56,-17.7125,-39.2481,71.15,90,68,5.08
264,Nkhotakota,MW,2021-06-10 05:14:56,-12.9274,34.2961,65.14,71,4,10.71
265,Port Hawkesbury,CA,2021-06-10 05:14:57,45.6169,-61.3485,52.59,91,33,6.22
266,Cayenne,GF,2021-06-10 05:14:57,4.9333,-52.3333,80.1,87,40,8.01
267,Taoudenni,ML,2021-06-10 05:14:57,22.6783,-3.9836,97.83,13,9,18.37
268,Dubbo,AU,2021-06-10 05:14:28,-32.25,148.6167,46.53,81,90,18.41
269,Boende,CD,2021-06-10 05:14:58,-0.2167,20.8667,72.61,83,100,0.96
270,Alibag,IN,2021-06-10 05:14:59,18.6411,72.8792,80.67,79,100,10.69
271,Khromtau,KZ,2021-06-10 05:14:59,50.2503,58.4347,69.64,41,24,11.92
272,Jeremie,HT,2021-06-10 05:14:59,18.65,-74.1167,77.31,84,94,4.92
273,Nahrin,AF,2021-06-10 05:15:00,36.0649,69.1334,84.65,23,0,5.48
274,Nguruka,TZ,2021-06-10 05:15:00,-5.1092,31.0419,66.27,65,91,4.94
275,Hays,US,2021-06-10 05:15:01,30.0502,-98.0336,79.61,87,1,4.0
276,Totness,SR,2021-06-10 05:15:01,5.8833,-56.3167,76.15,91,100,8.39
277,Berbera,SO,2021-06-10 05:15:02,10.4396,45.0143,93.69,39,10,19.86
278,Buchanan,LR,2021-06-10 05:15:03,5.8808,-10.0467,76.32,92,100,5.17
279,Namibe,AO,2021-06-10 05:15:04,-15.1961,12.1522,69.03,56,0,9.64
280,Miraflores,MX,2021-06-10 05:15:04,19.2167,-98.8083,63.25,73,81,3.04
281,Tiksi,RU,2021-06-10 05:15:05,71.6872,128.8694,39.4,67,10,10.33
282,Udachnyy,RU,2021-06-10 05:15:05,66.4167,112.4,61.79,40,100,28.97
283,Grindavik,IS,2021-06-10 05:15:06,63.8424,-22.4338,46.87,81,90,22.48
284,Cam Ranh,VN,2021-06-10 05:15:06,11.9214,109.1591,91.36,52,75,2.53
285,Imbituba,BR,2021-06-10 05:15:07,-28.24,-48.6703,67.89,97,76,8.88
286,Trairi,BR,2021-06-10 05:10:52,-3.2778,-39.2689,77.16,87,56,8.95
287,Touros,BR,2021-06-10 05:15:08,-5.1989,-35.4608,72.5,81,34,13.11
288,Chipinge,ZW,2021-06-10 05:15:08,-20.1883,32.6236,50.92,77,0,0.96
289,Abha,SA,2021-06-10 05:15:08,18.2164,42.5053,75.45,25,0,8.05
290,Smirnykh,RU,2021-06-10 05:15:09,49.75,142.8333,72.9,58,100,9.08
291,Meadow Lake,US,2021-06-10 05:15:09,34.8014,-106.5436,78.8,10,83,11.61
292,Hobyo,SO,2021-06-10 05:15:10,5.3505,48.5268,81.05,74,18,23.42
293,Vestmannaeyjar,IS,2021-06-10 05:15:10,63.4427,-20.2734,47.43,85,98,21.3
294,Anadyr,RU,2021-06-10 05:15:11,64.75,177.4833,37.9,86,90,11.01
295,Port Hardy,CA,2021-06-10 05:14:12,50.6996,-127.4199,50.14,87,91,1.63
296,Fortuna,US,2021-06-10 05:15:12,40.5982,-124.1573,52.36,66,1,5.75
297,Bushehr,IR,2021-06-10 05:15:12,28.9684,50.8385,89.69,48,0,16.11
298,Lethem,GY,2021-06-10 05:15:12,3.3803,-59.7968,74.07,92,100,8.43
299,Baykit,RU,2021-06-10 05:15:13,61.67,96.37,47.46,47,81,11.7
300,Lukulu,ZM,2021-06-10 05:15:13,-14.3707,23.242,48.85,74,24,5.53
301,Arlit,NE,2021-06-10 05:15:14,18.7369,7.3853,86.74,13,80,9.48
302,Beloha,MG,2021-06-10 05:15:14,-25.1667,45.05,66.2,77,1,11.92
303,Los Llanos De Aridane,ES,2021-06-10 05:15:15,28.6585,-17.9182,65.95,88,0,7.2
304,San Juan De Uraba,CO,2021-06-10 05:15:15,8.7592,-76.5297,75.16,90,99,2.17
305,Hammerfest,NO,2021-06-10 05:14:18,70.6634,23.6821,52.25,76,75,10.36
306,Sakakah,SA,2021-06-10 05:15:16,29.9697,40.2064,84.56,15,0,10.47
307,Vostok,RU,2021-06-10 05:15:17,46.4856,135.8833,82.15,33,91,8.99
308,Cururupu,BR,2021-06-10 05:15:17,-1.8283,-44.8683,74.25,96,98,2.64
309,Bogovina,RS,2021-06-10 05:15:17,43.895,21.9403,60.04,85,6,3.85
310,Chulym,RU,2021-06-10 05:15:18,55.0997,80.9572,55.83,46,6,5.46
311,Palana,RU,2021-06-10 05:15:19,59.1167,159.9667,39.74,84,92,29.04
312,Sao Filipe,CV,2021-06-10 05:15:19,14.8961,-24.4956,73.9,79,23,6.91
313,Okha,RU,2021-06-10 05:15:19,53.5739,142.9478,70.47,62,91,13.58
314,Artyom,AZ,2021-06-10 05:15:20,40.4723,50.333,78.94,72,0,18.12
315,Tocopilla,CL,2021-06-10 05:15:20,-22.092,-70.1979,62.64,70,31,6.78
316,Mujiayingzi,CN,2021-06-10 05:15:21,42.1167,118.7833,82.56,18,2,4.99
317,Sola,VU,2021-06-10 05:15:21,-13.8833,167.55,79.7,70,53,18.1
318,Kahului,US,2021-06-10 05:15:22,20.8947,-156.47,76.26,82,40,21.85
319,Reyes,BO,2021-06-10 05:15:22,-14.3167,-67.3833,71.19,98,98,1.14
320,Matagami,CA,2021-06-10 05:15:23,49.7502,-77.6328,41.11,70,75,5.5
321,Americo Brasiliense,BR,2021-06-10 05:15:23,-21.7244,-48.1017,61.47,75,82,2.08
322,Nouadhibou,MR,2021-06-10 05:15:23,20.931,-17.0347,82.38,32,16,16.11
323,Boyuibe,BO,2021-06-10 05:11:11,-20.4167,-63.2833,61.21,98,100,6.85
324,Kruisfontein,ZA,2021-06-10 05:15:24,-34.0033,24.7314,57.79,48,0,8.5
325,Alta,NO,2021-06-10 05:15:24,69.9689,23.2717,58.24,70,0,3.44
326,Banda Aceh,ID,2021-06-10 05:15:25,5.5577,95.3222,84.22,66,100,11.61
327,Shima,CN,2021-06-10 05:15:25,24.4478,117.8111,87.82,60,99,7.29
328,Vanatori-Neamt,RO,2021-06-10 05:15:26,47.2,26.3167,65.75,70,1,6.62
329,Marsh Harbour,BS,2021-06-10 05:15:26,26.5412,-77.0636,78.42,76,30,12.08
330,High Prairie,CA,2021-06-10 05:15:27,55.4334,-116.4858,49.3,94,89,4.27
331,Pervomayskiy,RU,2021-06-10 05:15:27,53.2485,40.2871,58.14,89,92,8.52
332,Gazli,UZ,2021-06-10 05:15:28,40.1333,63.45,91.62,20,0,12.19
333,Saint-Joseph,RE,2021-06-10 05:15:28,-21.3667,55.6167,73.78,75,40,14.81
334,Vanavara,RU,2021-06-10 05:15:28,60.34,102.2797,52.57,45,71,10.36
335,Mecca,SA,2021-06-10 05:11:14,21.4267,39.8261,98.15,18,52,5.28
336,Valparaiso,CL,2021-06-10 05:15:29,-33.0393,-71.6273,56.48,83,65,9.19
337,Tartagal,AR,2021-06-10 05:15:30,-22.5164,-63.8013,61.93,96,100,3.51
338,Rabo De Peixe,PT,2021-06-10 05:15:30,37.8,-25.5833,65.71,94,75,6.58
339,Hermosillo,MX,2021-06-10 05:13:14,29.0667,-110.9667,94.01,14,20,4.0
340,Poum,NC,2021-06-10 05:15:31,-20.2333,164.0167,74.64,69,60,15.39
341,Digha,IN,2021-06-10 05:15:31,21.6833,87.55,89.96,60,96,8.66
342,Weligama,LK,2021-06-10 05:15:32,5.9667,80.4167,84.29,74,26,13.0
343,Havelock,US,2021-06-10 05:15:32,34.8791,-76.9013,78.03,93,75,4.61
344,Ulaanbaatar,MN,2021-06-10 05:11:35,47.9077,106.8832,71.73,24,40,12.01
345,Tabuk,PH,2021-06-10 05:15:33,17.4189,121.4443,89.29,59,99,8.46
346,Saint Anthony,US,2021-06-10 05:15:33,45.0205,-93.218,82.0,66,1,1.99
347,Razdolinsk,RU,2021-06-10 05:15:34,58.4211,94.6658,52.11,35,64,8.68
348,Qaqortoq,GL,2021-06-10 05:15:34,60.7167,-46.0333,39.7,89,74,6.26
349,Muravlenko,RU,2021-06-10 05:15:34,63.7898,74.523,54.9,37,56,11.83
350,Ostrovnoy,RU,2021-06-10 05:15:35,68.0531,39.5131,63.14,40,92,21.3
351,Maridi,SS,2021-06-10 05:15:35,4.9158,29.4742,71.89,70,5,3.42
352,Ostersund,SE,2021-06-10 05:15:36,63.1792,14.6357,62.62,94,0,3.44
353,Fairbanks,US,2021-06-10 05:15:31,64.8378,-147.7164,64.6,48,75,6.91
354,Mende,FR,2021-06-10 05:15:36,44.6667,3.5,47.77,99,41,4.65
355,Champerico,GT,2021-06-10 05:15:37,14.3,-91.9167,81.36,84,99,5.14
356,Limon,CR,2021-06-10 05:15:37,10.0,-83.0333,74.97,93,100,3.78
357,Manoel Urbano,BR,2021-06-10 05:11:14,-8.8389,-69.2597,72.91,88,80,2.06
358,Gazanjyk,TM,2021-06-10 05:15:38,39.2446,55.5154,88.95,25,0,12.48
359,Taman,RU,2021-06-10 05:15:38,45.2117,36.7161,66.52,75,34,7.56
360,Pipri,IN,2021-06-10 05:15:39,19.8,75.5333,82.65,63,100,13.78
361,Bud,US,2021-06-10 05:15:39,39.447,-86.1758,73.38,96,43,4.56
362,Beidao,CN,2021-06-10 05:15:40,34.5686,105.8933,87.19,34,0,7.25
363,Sechura,PE,2021-06-10 05:15:40,-5.5569,-80.8222,69.08,80,74,15.03
364,Correntina,BR,2021-06-10 05:15:41,-13.3433,-44.6367,66.16,60,2,3.76
365,Saint-Philippe,RE,2021-06-10 05:15:41,-21.3585,55.7679,74.79,78,67,14.45
366,Bandar,ID,2021-06-10 05:15:42,2.05,99.75,90.36,47,99,3.67
367,Puerto Quijarro,BO,2021-06-10 05:15:42,-17.7833,-57.7667,74.19,62,11,0.54
368,Hit,IQ,2021-06-10 05:15:43,33.6416,42.8251,87.01,24,0,17.2
369,Airai,TL,2021-06-10 05:15:43,-8.9266,125.4092,67.91,68,93,2.75
370,Beringovskiy,RU,2021-06-10 05:15:44,63.05,179.3167,37.47,96,99,3.0
371,Puro,PH,2021-06-10 05:15:44,12.4841,123.3827,82.65,74,100,6.4
372,Mastic Beach,US,2021-06-10 05:15:44,40.7668,-72.8521,77.4,89,20,1.01
373,Honningsvag,NO,2021-06-10 05:15:45,70.9821,25.9704,49.03,75,94,12.57
374,Kotar,IN,2021-06-10 05:15:45,24.7167,80.9833,99.88,33,29,13.38
375,Craig,US,2021-06-10 05:15:46,40.5153,-107.5464,71.22,32,1,4.61
376,Bukama,CD,2021-06-10 05:15:46,-9.2,25.85,65.41,60,45,3.24
377,Gracac,HR,2021-06-10 05:15:47,44.3006,15.8547,65.95,85,9,7.96
378,Pevek,RU,2021-06-10 05:15:47,69.7008,170.3133,33.69,85,92,4.27
379,Mogadishu,SO,2021-06-10 05:11:35,2.0371,45.3438,80.4,76,82,17.85
380,Yuzhno-Kurilsk,RU,2021-06-10 05:15:48,44.0306,145.8556,56.75,78,36,6.78
381,Korla,CN,2021-06-10 05:15:48,41.7597,86.1469,84.9,20,45,3.94
382,Kiama,AU,2021-06-10 05:15:49,-34.6833,150.8667,50.38,85,100,1.01
383,Eydhafushi,MV,2021-06-10 05:15:50,5.1033,73.0708,82.83,70,45,13.51
384,Ganzhou,CN,2021-06-10 05:15:50,28.8184,115.4327,79.84,87,100,4.34
385,Merced,US,2021-06-10 05:15:50,37.1666,-120.7516,61.38,49,34,6.87
386,Whitehorse,CA,2021-06-10 05:15:21,60.7161,-135.0538,63.37,23,20,8.01
387,Aguimes,ES,2021-06-10 05:15:51,27.9054,-15.4461,75.67,73,0,17.27
388,Kenai,US,2021-06-10 05:15:52,60.5544,-151.2583,57.02,48,90,8.05
389,Soyo,AO,2021-06-10 05:15:52,-6.1349,12.3689,74.3,90,21,5.3
390,Severodvinsk,RU,2021-06-10 05:15:53,64.5635,39.8302,69.91,45,43,7.9
391,Chumikan,RU,2021-06-10 05:15:53,54.7183,135.315,47.35,83,100,9.33
392,Faya,SA,2021-06-10 05:15:54,18.3851,42.4509,77.11,20,63,6.49
393,Santiago Del Estero,AR,2021-06-10 05:15:54,-27.7951,-64.2615,58.51,87,4,4.32
394,Porosozero,RU,2021-06-10 05:15:55,62.7191,32.727,64.04,39,3,2.33
395,Mocuba,MZ,2021-06-10 05:15:55,-16.8392,36.9856,62.78,94,34,1.95
396,Iguape,BR,2021-06-10 05:15:55,-24.7081,-47.5553,68.38,91,99,2.59
397,Umred,IN,2021-06-10 05:15:56,20.85,79.3333,80.89,47,65,12.53
398,Oranjemund,NA,2021-06-10 05:15:56,-28.55,16.4333,57.54,70,0,1.54
399,Am Timan,TD,2021-06-10 05:15:57,11.0297,20.2827,83.3,45,53,3.51
400,Atar,MR,2021-06-10 05:15:57,20.5169,-13.0499,86.32,33,20,6.04
401,Bilibino,RU,2021-06-10 05:15:58,68.0546,166.4372,50.56,55,87,13.4
402,Hami,CN,2021-06-10 05:15:58,42.8,93.45,87.12,18,6,8.19
403,Kansanshi,ZM,2021-06-10 05:15:59,-12.0951,26.4273,48.16,91,22,3.8
404,Penarroya-Pueblonuevo,ES,2021-06-10 05:15:59,38.3,-5.2667,68.45,24,0,1.41
405,La Tuque,CA,2021-06-10 05:15:59,47.4334,-72.7824,48.88,59,95,4.41
406,Nyandoma,RU,2021-06-10 05:16:00,61.669,40.1991,64.63,37,83,3.38
407,Yanam,IN,2021-06-10 05:16:00,16.7333,82.2167,88.2,68,100,8.03
408,Foumban,CM,2021-06-10 05:16:01,5.7291,10.9001,61.74,94,96,3.0
409,San Martin,AR,2021-06-10 05:16:01,-33.081,-68.4681,54.03,63,87,4.5
410,Novikovo,RU,2021-06-10 05:15:15,51.1537,37.8879,65.71,76,10,4.09
411,Buncrana,IE,2021-06-10 05:16:02,55.1333,-7.45,62.37,91,100,12.08
412,Creston,US,2021-06-10 05:16:02,41.0586,-94.3614,78.12,83,1,3.44
413,Eirunepe,BR,2021-06-10 05:15:36,-6.6603,-69.8736,73.38,93,100,2.64
414,Iwanai,JP,2021-06-10 05:16:03,42.9744,140.5089,74.7,41,30,3.4
415,Trofors,NO,2021-06-10 05:16:03,65.5333,13.4063,62.06,53,34,2.08
416,Vanadzor,AM,2021-06-10 05:16:04,40.8046,44.4939,55.69,74,32,2.75
417,Jiayuguan,CN,2021-06-10 05:16:04,39.8167,98.3,76.53,24,100,12.41
418,Kayerkan,RU,2021-06-10 05:16:05,69.3497,87.7602,33.55,100,100,5.77
419,San Lorenzo,PY,2021-06-10 05:16:05,-25.3333,-57.5333,68.94,100,90,1.48
420,Acarau,BR,2021-06-10 05:16:06,-2.8856,-40.12,77.14,87,58,11.05
421,Gotsu,JP,2021-06-10 05:16:06,35.0,132.2167,78.94,53,97,3.89
422,Ust-Kuyga,RU,2021-06-10 05:16:07,70.0167,135.6,55.47,45,50,3.62
423,Cap Malheureux,MU,2021-06-10 05:16:07,-19.9842,57.6142,75.69,74,38,8.99
424,Noshiro,JP,2021-06-10 05:16:07,40.2039,140.0242,81.54,61,4,9.15
425,Manokwari,ID,2021-06-10 05:16:08,-0.8667,134.0833,82.06,75,91,5.5
426,Constitucion,CL,2021-06-10 05:16:08,-35.3333,-72.4167,53.38,78,100,4.56
427,North Bend,US,2021-06-10 05:14:13,43.4065,-124.2243,55.31,81,20,0.0
428,Skjervoy,NO,2021-06-10 05:16:09,70.0311,20.9714,57.2,77,100,3.13
429,Husavik,IS,2021-06-10 05:16:10,66.0449,-17.3389,44.51,78,100,7.87
430,Verkhnevilyuysk,RU,2021-06-10 05:16:10,63.4453,120.3167,65.41,29,2,9.15
431,Vardo,NO,2021-06-10 05:16:11,70.3705,31.1107,55.6,62,0,9.22
432,General Roca,AR,2021-06-10 05:16:11,-39.0333,-67.5833,50.4,41,73,24.07
433,Shar,KZ,2021-06-10 05:16:12,49.5886,81.0453,72.48,46,93,9.86
434,Axim,GH,2021-06-10 05:16:12,4.8699,-2.2405,77.97,86,100,3.98
435,Osa,RU,2021-06-10 05:16:12,57.2829,55.4567,63.68,61,57,10.33
436,Kayan,MM,2021-06-10 05:16:13,16.9056,96.5631,86.14,83,100,13.31
437,Pindushi,RU,2021-06-10 05:16:13,62.9152,34.58,62.4,44,8,3.74
438,Senno,RU,2021-06-10 05:16:14,59.5336,33.9167,62.65,46,70,5.7
439,Bara,NG,2021-06-10 05:16:14,10.3744,10.7288,75.79,75,100,6.35
440,Valdivia,CL,2021-06-10 05:16:15,-39.8142,-73.2459,39.29,94,14,2.55
441,Leh,IN,2021-06-10 05:16:15,34.1667,77.5833,60.58,35,1,3.94
442,Maku,IR,2021-06-10 05:16:16,39.2911,44.4521,68.09,42,4,2.51
443,Tromso,NO,2021-06-10 05:16:16,69.6496,18.957,61.45,71,75,3.0
444,Marshfield,US,2021-06-10 05:16:16,44.6689,-90.1718,74.93,78,1,8.05
445,Gari,RU,2021-06-10 05:16:17,59.4307,62.3497,65.48,38,15,0.56
446,Manono,CD,2021-06-10 05:16:17,-7.3,27.4167,69.91,55,17,5.26
447,Maragogi,BR,2021-06-10 05:14:46,-9.0122,-35.2225,75.69,85,65,7.99
448,Buala,SB,2021-06-10 05:16:18,-8.145,159.5921,82.83,75,83,8.3
449,Mahuta,TZ,2021-06-10 05:16:18,-10.8667,39.45,66.33,80,0,4.12
450,Deputatskiy,RU,2021-06-10 05:16:19,69.3,139.9,52.47,31,99,6.08
451,Halifax,CA,2021-06-10 05:15:42,44.6453,-63.5724,59.0,71,70,3.44
452,Luz,BR,2021-06-10 05:16:20,-19.8014,-45.6856,63.81,76,39,2.37
453,Lakes Entrance,AU,2021-06-10 05:16:20,-37.8811,147.981,56.57,73,83,4.7
454,Varhaug,NO,2021-06-10 05:16:20,58.6147,5.6457,61.48,81,100,8.43
455,Bari,IT,2021-06-10 05:16:21,41.1177,16.8512,74.84,63,0,1.99
456,Shitanjing,CN,2021-06-10 05:16:21,39.2342,106.3439,72.19,23,95,16.62
457,Saint-Pierre,RE,2021-06-10 05:16:22,-21.3393,55.4781,74.88,66,0,14.97
458,Woodward,US,2021-06-10 05:16:22,36.4337,-99.3904,81.63,83,1,14.36
459,Manakara,MG,2021-06-10 05:16:23,-22.1333,48.0167,64.4,93,87,6.82
460,Oyama,JP,2021-06-10 05:16:23,36.3,139.8,89.58,28,0,5.73
461,Gallup,US,2021-06-10 05:16:24,35.5281,-108.7426,70.56,9,1,1.99
462,Honiara,SB,2021-06-10 05:16:24,-9.4333,159.95,84.56,71,66,5.59
463,Lata,PT,2021-06-10 05:16:25,40.1629,-8.3327,57.92,86,0,1.9
464,Tavricheskoye,RU,2021-06-10 05:16:25,54.5851,73.6395,60.71,44,42,10.8
465,Hovd,MN,2021-06-10 05:16:26,48.0056,91.6419,68.81,32,35,8.75
466,Nanakuli,US,2021-06-10 05:16:26,21.3906,-158.1547,80.55,63,40,19.6
467,Moose Factory,CA,2021-06-10 05:16:26,51.2585,-80.6094,39.2,70,40,2.3
468,Kudahuvadhoo,MV,2021-06-10 05:16:27,2.6708,72.8944,83.52,72,18,12.39
469,Pedregulho,BR,2021-06-10 05:16:27,-20.2569,-47.4767,62.74,62,58,4.65
470,Broome,US,2021-06-10 05:16:28,42.2506,-75.833,68.38,92,1,4.74
471,Tualatin,US,2021-06-10 05:12:33,45.384,-122.764,60.48,69,1,1.99
472,Ballina,AU,2021-06-10 05:16:29,-28.8667,153.5667,60.98,44,35,9.86
473,Geraldton,AU,2021-06-10 05:16:29,-28.7667,114.6,70.21,83,75,14.07
474,Harper,LR,2021-06-10 05:16:30,4.375,-7.7169,77.67,84,100,3.65
475,Glenwood Springs,US,2021-06-10 05:16:24,39.5505,-107.3248,69.03,24,95,2.06
476,Basco,PH,2021-06-10 05:16:30,20.4487,121.9702,83.46,80,100,14.74
477,Palmer,US,2021-06-10 05:16:31,42.1584,-72.3287,73.81,81,1,5.3
478,Hasaki,JP,2021-06-10 05:16:31,35.7333,140.8333,88.18,64,0,8.95
479,Maceio,BR,2021-06-10 05:16:32,-9.6658,-35.7353,72.84,94,75,8.32
480,Sitka,US,2021-06-10 05:14:41,57.0531,-135.33,51.69,82,90,10.36
481,Aklavik,CA,2021-06-10 05:16:32,68.2191,-135.0107,56.23,40,98,8.5
482,Yangjiang,CN,2021-06-10 05:16:33,21.85,111.9667,88.95,67,86,10.98
483,Puerto Leguizamo,CO,2021-06-10 05:16:33,-0.1934,-74.7819,70.43,96,100,2.33
484,Nagar Karnul,IN,2021-06-10 05:16:33,16.4821,78.3247,87.03,49,84,18.3
485,Ban Dung,TH,2021-06-10 05:16:34,17.699,103.2596,82.99,99,94,4.65
486,Aljezur,PT,2021-06-10 05:16:34,37.3191,-8.8033,62.13,64,0,6.96
487,Hamilton,US,2021-06-10 05:15:06,39.1834,-84.5333,72.81,96,90,3.36
488,Atyrau,KZ,2021-06-10 05:16:35,47.1167,51.8833,80.62,39,0,4.47
489,Christchurch,NZ,2021-06-10 05:12:48,-43.5333,172.6333,57.9,70,50,1.99
490,Mayo,US,2021-06-10 05:16:36,38.8876,-76.5119,76.21,90,1,1.01
491,Havoysund,NO,2021-06-10 05:16:36,70.9963,24.6622,52.68,72,100,19.1
492,Kavaratti,IN,2021-06-10 05:16:37,10.5669,72.642,83.77,73,75,16.62
493,Lorengau,PG,2021-06-10 05:16:37,-2.0226,147.2712,83.98,75,48,8.28
494,Makakilo City,US,2021-06-10 05:16:37,21.3469,-158.0858,79.12,63,40,6.91
495,Sawakin,SD,2021-06-10 05:16:38,19.1059,37.3321,88.68,47,51,2.46
496,Hokitika,NZ,2021-06-10 05:16:38,-42.7167,170.9667,53.69,77,85,3.29
497,Nacogdoches,US,2021-06-10 05:16:39,31.6002,-94.6335,78.98,91,1,5.75
498,Ahipara,NZ,2021-06-10 05:16:39,-35.1667,173.1667,61.83,89,30,6.44
499,Goderich,CA,2021-06-10 05:16:40,43.7501,-81.7165,71.92,83,95,6.91
500,Nakano,JP,2021-06-10 05:16:40,36.75,138.3667,88.36,43,15,0.25
501,Coolum Beach,AU,2021-06-10 05:16:41,-26.5333,153.1,66.11,40,0,11.52
502,Minna,NG,2021-06-10 05:16:41,9.6139,6.5569,73.24,84,100,1.77
503,Sinop,TR,2021-06-10 05:16:41,41.7711,34.8709,63.3,53,15,2.75
504,Quatre Cocos,MU,2021-06-10 05:16:42,-20.2078,57.7625,75.31,74,52,20.0
505,Chapais,CA,2021-06-10 05:16:42,49.7834,-74.8492,42.58,61,100,5.08
506,Waingapu,ID,2021-06-10 05:16:43,-9.6567,120.2641,85.15,55,81,11.83
507,Maniitsoq,GL,2021-06-10 05:16:43,65.4167,-52.9,37.33,88,72,16.4
508,Tacoronte,ES,2021-06-10 05:16:44,28.4769,-16.4102,76.14,42,0,3.44
509,Mandurah,AU,2021-06-10 05:16:11,-32.55,115.7,69.98,73,90,21.61
510,Elze,DE,2021-06-10 05:16:44,52.1226,9.736,64.0,95,34,2.15
511,Nagato,JP,2021-06-10 05:16:45,34.3833,131.2,79.25,57,100,16.04
512,Bubaque,GW,2021-06-10 05:15:25,11.2833,-15.8333,79.5,79,100,11.86
513,Kaura Namoda,NG,2021-06-10 05:16:45,12.5898,6.5779,80.74,55,98,10.22
514,Marsala,IT,2021-06-10 05:16:46,37.7966,12.4352,68.0,94,40,9.78
515,Le Port,RE,2021-06-10 05:16:46,-20.9373,55.2919,75.2,85,3,2.28
516,Ugoofaaru,MV,2021-06-10 05:16:47,5.6667,73.0,82.67,73,51,13.13
517,Vanino,RU,2021-06-10 05:16:47,49.0869,140.2543,68.29,59,100,5.77
518,Morondava,MG,2021-06-10 05:16:48,-20.2833,44.2833,68.04,60,0,8.97
519,Dubrovka,RU,2021-06-10 05:16:48,53.6907,33.5071,58.98,93,93,9.15
520,Kloulklubed,PW,2021-06-10 05:16:48,7.0419,134.2556,81.1,75,91,10.04
521,Muko,JP,2021-06-10 05:16:49,34.9654,135.7041,91.42,42,1,5.99
522,Puerto El Triunfo,SV,2021-06-10 05:16:49,13.2833,-88.55,73.56,86,100,4.25
523,Pangnirtung,CA,2021-06-10 05:16:50,66.1451,-65.7125,30.13,93,96,2.21
524,Saurimo,AO,2021-06-10 05:16:50,-9.6608,20.3916,60.17,55,12,7.02
525,Qeshm,IR,2021-06-10 05:16:51,26.9581,56.2719,93.07,73,2,7.78
526,Mazamari,PE,2021-06-10 05:16:51,-11.3258,-74.5308,67.1,98,53,2.37
527,Russell,US,2021-06-10 05:16:52,32.3502,-85.1999,73.11,91,1,4.45
528,Westport,US,2021-06-10 05:13:45,41.1415,-73.3579,78.1,89,1,6.33
529,Maxixe,MZ,2021-06-10 05:16:52,-23.8597,35.3472,63.25,82,1,3.74
530,Danjiangkou,CN,2021-06-10 05:16:53,32.5428,111.5086,88.05,36,79,1.57
531,Margate,GB,2021-06-10 05:16:53,51.3813,1.3862,62.69,85,12,1.99
532,Impfondo,CG,2021-06-10 05:16:54,1.6381,18.0667,70.93,90,79,1.34
533,Brae,GB,2021-06-10 05:14:57,60.3964,-1.353,51.71,96,100,8.61
534,Seoul,KR,2021-06-10 05:14:59,37.5683,126.9778,88.21,57,0,7.43
535,Kuching,MY,2021-06-10 05:16:55,1.55,110.3333,89.82,58,40,5.75
536,Kilindoni,TZ,2021-06-10 05:16:55,-7.9139,39.6668,79.02,69,23,15.64
537,Lagoa,PT,2021-06-10 05:16:55,39.05,-27.9833,64.98,93,77,11.36
538,Rio Verde De Mato Grosso,BR,2021-06-10 05:16:56,-18.9181,-54.8442,74.28,53,88,5.66
539,Chicama,PE,2021-06-10 05:16:56,-7.8447,-79.1469,65.82,87,92,5.84
540,Neuquen,AR,2021-06-10 05:16:57,-38.9516,-68.0591,49.89,50,0,5.75
541,Negara,ID,2021-06-10 05:16:57,-8.3151,114.6025,81.82,75,44,7.14
542,Moussoro,TD,2021-06-10 05:16:58,13.6408,16.4901,89.78,35,54,6.91
543,Rydultowy,PL,2021-06-10 05:14:33,50.0586,18.417,63.14,77,32,1.99
544,Vagay,RU,2021-06-10 05:16:58,57.9375,69.0217,64.53,33,29,1.43
545,Mendoza,AR,2021-06-10 05:12:21,-32.8908,-68.8272,53.92,52,83,2.57
546,Amapa,BR,2021-06-10 05:16:59,1.0,-52.0,71.51,99,100,0.98
547,Kollegal,IN,2021-06-10 05:17:00,12.15,77.1167,83.59,56,100,10.33
548,Porto Santo,PT,2021-06-10 05:17:00,33.072,-16.3415,71.51,88,20,2.3
549,Kidal,ML,2021-06-10 05:17:00,18.4411,1.4078,89.44,19,1,8.55
550,Whitefish,US,2021-06-10 05:15:43,48.4111,-114.3376,53.89,93,75,2.89
551,Nueva Guinea,NI,2021-06-10 05:17:01,11.6876,-84.4562,71.65,99,100,2.95
552,Vredendal,ZA,2021-06-10 05:17:02,-31.6683,18.5012,61.48,56,0,6.91
553,Lipin Bor,RU,2021-06-10 05:17:02,60.2622,37.9763,59.97,50,5,5.12
554,Filingue,NE,2021-06-10 05:17:03,14.3521,3.3168,85.06,52,83,12.1
555,Bytow,PL,2021-06-10 05:17:03,54.1706,17.4919,60.91,71,2,6.8
556,Novospasskoye,RU,2021-06-10 05:17:03,53.1468,47.7514,67.46,74,63,3.06
557,Chalmette,US,2021-06-10 05:17:04,29.9427,-89.9634,81.0,81,1,6.53
558,Warrnambool,AU,2021-06-10 05:17:04,-38.3833,142.4833,57.81,77,50,20.98
559,Kudat,MY,2021-06-10 05:17:05,6.8837,116.8477,89.53,62,20,6.91
560,Padang,ID,2021-06-10 05:17:05,-0.9492,100.3543,87.85,65,14,5.84
561,Kushima,JP,2021-06-10 05:17:06,31.4583,131.2333,83.71,67,89,11.3
562,Flin Flon,CA,2021-06-10 05:17:06,54.7682,-101.865,55.18,81,63,4.03
563,Cabatuan,PH,2021-06-10 05:17:06,10.8794,122.486,82.38,75,100,3.8
564,Paoua,CF,2021-06-10 05:17:07,7.2427,16.4406,70.32,86,100,4.41
565,Meulaboh,ID,2021-06-10 05:17:07,4.1363,96.1285,83.43,65,99,3.42
566,Nefteyugansk,RU,2021-06-10 05:17:08,61.0998,72.6035,55.65,41,60,3.62
